School,State ,UNIT_ID 
Kenai Peninsula College,Alaska,Community College
Kodiak College,Alaska,Community College
Matanuska-Susitna College,Alaska,Community College
Prince William Sound Community College,Alaska,Community College
Alabama Southern Community College,Alabama,Community College
Bevill State Community College,Alabama,102429
Bishop State Community College,Alabama,102030
Calhoun Community College,Alabama,107318
Central Alabama Community College,Alabama,100760
Chattahoochee Valley Community College,Alabama,101028
Arkansas State University Mid-South,Alabama,107318
Mid-South Community College,Alabama,107318
Enterprise State Community College,Alabama,101143
Gadsden State Community College,Alabama,101240
George C. Wallace State Community College,Alabama,101295
George Corley Wallace State Community College,Alabama,101295
James H. Faulkner State Community College,Alabama,101161
Jefferson Davis Community College,Alabama,232450
Jefferson State Community College,Alabama,101505
Lawson State Community College,Alabama,101569
Lurleen B. Wallace State Junior College,Alabama,101602
Lurleen B Wallace Community College,Alabama,101602
Marion Military Institute,Alabama,101648
Northeast Alabama Community College,Alabama,101897
Northwest-Shoals Community College,Alabama,101736
Shelton State Community College,Alabama,102067
Snead State Community College,Alabama,102076
Southern Union State Community College,Alabama,251260
Wallace State Community College (Hanceville),Alabama,101295
Central Arizona College,Arizona,104346
Cochise College,Arizona,104425
Coconino Community College,Arizona,404426
Dine College,Arizona,105297
Eastern Arizona College,Arizona,104577
Maricopa Community College,Arizona,364025
Chandler-Gilbert Community College,Arizona,364025
Estrella Mountain Community College,Arizona,384333
GateWay Community College,Arizona,105145
Glendale Community College,Arizona,104708
Mesa Community College,Arizona,105154
Paradise Valley Community College,Arizona,364016
Phoenix College,Arizona,105428
Rio Salado Community College,Arizona,105668
Scottsdale Community College,Arizona,105747
South Mountain Community College,Arizona,105792
Mohave Community College,Arizona,105206
Northland Pioneer College,Arizona,105349
Pima Community College,Arizona,105525
Yavapai College,Arizona,106148
Arkansas Northeastern College,Arkansas,107327
East Arkansas Community College,Arkansas,106883
Mid-South Community College,Arkansas,107318
National Park Community College,Arkansas,106980
North Arkansas College,Arkansas,107460
Northwest Arkansas Community College,Arkansas,367459
Ouachita Technical College,Arkansas,Community College
Ozarka College,Arkansas,107549
Pulaski Technical College,Arkansas,107664
Rich Mountain Community College,Arkansas,107743
South Arkansas Community College,Arkansas,107974
Southeast Arkansas College,Arkansas,107637
Southern Arkansas University Technical Branch,Arkansas,107992
Southern Arkansas University Tech,Arkansas,107992
Community College at Batesville,Arkansas,106999
Community College at Hope,Arkansas,10772501
Community College at Morrilton,Arkansas,107585
University of Arkansas Community College-Batesville,Arkansas,106999
University of Arkansas Community College-Morrilton,Arkansas,107585
University of Arkansas Community College Rich Mountain,Arkansas,107743
University of Arkansas Community College at Hope - Texarkana,Arkansas,10772501
Phillips Community College,Arkansas,107619
Allan Hancock College,California,108807
Antelope Valley College,California,109350
Barstow Community College,California,109907
Butte College,California,110246
Cabrillo College,California,110334
Cerritos College,California,111887
Chabot College,California,111920
Las Positas College,California,366401
Chaffey College,California,111939
Citrus College,California,112172
City College of San Francisco,California,112190
Coast Community College,California,112385
Coastline Community College,California,112385
Golden West College,California,115126
Orange Coast College,California,120342
College of Marin,California,118347
College of the Canyons,California,111461
College of the Desert,California,113573
College of the Redwoods,California,121707
College of the Sequoias,California,123217
College of the Siskiyous,California,123484
Compton Community College,California,112686
Contra Costa Community College,California,112826
Contra Costa College,California,112826
Diablo Valley College,California,113634
Los Medanos College,California,117894
Copper Mountain College,California,395362
Copper Mountain Community College,California,395362
Cuesta College,California,113193
El Camino College,California,113980
El Camino Community College,California,113980
Feather River Community College District,California,114433
Feather River College ,California,114433
Foothill-De Anza Community College District,California,113333
De Anza College,California,113333
Foothill College,California,114716
Gavilan College,California,114938
Glendale Community College,California,104708
Grossmont-Cuyamaca Community College District,California,113218
Cuyamaca College,California,113218
Grossmont College,California,115296
Hartnell College,California,115393
Imperial Valley College,California,115861
Kern Community College,California,Community College
Bakersfield College,California,109819
Cerro Coso Community College,California,111896
Porterville College,California,121363
Lake Tahoe Community College,California,117195
Lassen College,California,Community College
Long Beach City College,California,117645
Los Angeles Community College District,California,Community College
East Los Angeles College,California,113856
Los Angeles City College,California,117788
Los Angeles Harbor College,California,117690
Los Angeles Mission College,California,117867
Los Angeles Pierce College,California,117706
Los Angeles Southwest College,California,117715
Los Angeles Trade-Technical College,California,Community College
Los Angeles Valley College,California,117733
West Los Angeles College,California,125471
Los Rios Community College District,California,Community College
American River College,California,109208
Cosumnes River College,California,113096
Folsom Lake College,California,444219
Sacramento City College,California,122180
Mendocino College,California,118684
Merced College,California,118718
MiraCosta College,California,118912
Monterey Peninsula College,California,119067
Mount San Antonio College,California,119164
Mount San Jacinto College,California,119216
Napa Valley College,California,119331
North Orange County Community College District,California,Community College
Cypress College,California,113236
Fullerton College,California,114859
Ohlone College,California,120290
Palo Verde College,California,120953
Palomar College,California,120971
Pasadena City College,California,121044
Peralta Community College District,California,Community College
Berkeley City College,California,125170
College of Alameda,California,108667
Laney College,California,117247
Merritt College,California,118772
Queen of the Holy Rosary College,California,Community College
Rancho Santiago Community College District,California,Community College
Santa Ana College,California,121619
Santiago Canyon College,California,399212
Rio Hondo College,California,121886
Riverside Community College,California,121901
San Bernardino Community College District,California,123527
Crafton Hills College,California,113111
San Bernardino Valley College,California,123527
San Diego Community College District,California,122339
San Diego City College,California,122339
San Diego Mesa College,California,122375
San Diego Miramar College,California,122384
San Joaquin Delta College,California,122658
San Jos-Evergreen Community College District,California,122746
Evergreen Valley College,California,114266
San Jos City College,California,122746
San Jose City College,California,122746
San Mateo County Community College District,California,122791
Caada College,California,122791
College of San Mateo,California,122791
Skyline College,California,123509
Santa Barbara City College,California,122889
Santa Monica College,California,122977
Santa Rosa Junior College,California,123013
Shasta College,California,123299
Sierra College,California,123341
Solano Community College,California,123563
South Orange County Community College District,California,116439
Irvine Valley College,California,116439
Saddleback College,California,122205
Southwestern College,California,123800
State Center Community College District,California,114789
Fresno City College,California,114789
Reedley College,California,117052
Taft College,California,124113
Ventura County Community College ,California,119137
Moorpark College,California,119137
Oxnard College,California,120421
Ventura College,California,119137
Victor Valley College,California,125091
West Hills Community College,California,125462
West Valley-Mission College ,California,125499
Mission College,California,118930
West Valley College,California,125499
Yosemite Community College ,California,Community College
Columbia College,California,112561
Modesto Junior College,California,118976
Yuba Community College District,California,126119
Woodland Community College,California,455512
Yuba College,California,126119
Arizona Western College,Arizona,104160
Des Moines Area Community College,Iowa,153214
Eastern Iowa Community College District,Iowa,153311
Clinton Community College,Iowa,190053
Muscatine Community College,Iowa,Community College
Scott Community College,Iowa,Community College
Hamilton College,Iowa,Community College
Hawkeye Community College,Iowa,153445
Indian Hills Community College,Iowa,153472
Iowa Central Community College,Iowa,153524
Iowa Lakes Community College,Iowa,153533
Iowa Valley Community College District,Iowa,Community College
Ellsworth Community College,Iowa,153296
Marshalltown Community College,Iowa,153922
Iowa Western Community College,Iowa,153630
Kirkwood Community College,Iowa,153737
North Iowa Area Community College,Iowa,154059
Northeast Iowa Community College,Iowa,154110
Northwest Iowa Community College,Iowa,154129
Southeastern Community College,Iowa,154378
Southwestern Community College,Iowa,154396
Western Iowa Tech Community College,Iowa,154572
Aims Community College,Colorado,126207
Arapahoe Community College,Colorado,126289
Colorado Northwestern Community College,Colorado,126748
Community College of Aurora,Colorado,126863
Community College of Denver,Colorado,126942
Front Range Community College,Colorado,127200
Lamar Community College,Colorado,127389
Morgan Community College,Colorado,127617
Northeastern Junior College,Colorado,127732
Otero Junior College,Colorado,127778
Pikes Peak Community College,Colorado,127820
Pueblo Community College,Colorado,127884
Red Rocks Community College,Colorado,127909
Trinidad State Junior College,Colorado,128258
Ancilla College,Indiana,150048
Ivy Tech Community College (various campuses statewide),Indiana,Community College
Vincennes University,Indiana,152637
Kentucky Community & Technical College System,Kentucky,Community College
Ashland Community and Technical College,Kentucky,156231
Big Sandy Community and Technical College,Kentucky,157553
Bluegrass Community and Technical College,Kentucky,156392
Elizabethtown Community and  Technical College,Kentucky,156648
Hazard Community and Technical College,Kentucky,156790
Henderson Community College,Kentucky,156851
Hopkinsville Community College,Kentucky,156860
Jefferson Community College,Kentucky,192022
Madisonville Community College,Kentucky,157304
Maysville Community & Technical College,Kentucky,157331
Owensboro Community & Technical College,Kentucky,247940
Somerset Community College,Kentucky,157711
Southeast Kentucky Community College,Kentucky,157739
West Kentucky Community & Technical College,Kentucky,157483
Allen County Community College,Kansas,154642
Barton County Community College,Kansas,154697
Butler County Community College,Kansas,211343
Cloud County Community College,Kansas,154907
Coffeyville Community College,Kansas,154925
Colby Community College,Kansas,154934
Cowley County Community College,Kansas,154952
Dodge City Community College,Kansas,154998
Donnelly College,Kansas,155007
Fort Scott Community College,Kansas,155098
Garden City Community College,Kansas,155104
Hesston College,Kansas,155177
Highland Community College,Kansas,145521
Hutchinson Community College,Kansas,155195
Independence Community College,Kansas,155201
Johnson County Community College,Kansas,155210
Kansas City Kansas Community College,Kansas,155292
Kansas State Polytechnic,Kansas,Community College
Labette Community College,Kansas,155450
Neosho County Community College,Kansas,155566
Pratt Community College,Kansas,155715
Seward County Community College,Kansas,155858
Andover College in Maine,Maine,Community College
Maine Community College System,Maine,Community College
Central Maine Community College,Maine,161077
Eastern Maine Community College,Maine,161138
Kennebec Valley Community College,Maine,161192
Northern Maine Community College,Maine,161484
Southern Maine Community College,Maine,161545
Washington County Community College,Maine,161581
York County Community College,Maine,420440
Baton Rouge Community College,Louisiana,437103
Louisiana Delta Community College,Louisiana,483212
Louisiana State University at Eunice,Louisiana,159407
Bossier Parish Community College,Louisiana,158431
Delgado Community College,Louisiana,158662
Nunez Community College,Louisiana,158884
Alexandria Technical College,Minnesota,172918
Anoka Technical College,Minnesota,172954
Anoka-Ramsey Community College,Minnesota,172963
Central Lakes College,Minnesota,173203
Century College,Minnesota,175315
Dakota County Technical College,Minnesota,173416
Fond du Lac Tribal & Community College,Minnesota,380368
Hennepin Technical College,Minnesota,173708
Hibbing Community College,Minnesota,173735
Inver Hills Community College,Minnesota,173799
Itasca Community College,Minnesota,173805
Lake Superior College,Minnesota,173461
Mesabi Range Community & Technical College,Minnesota,173993
Minneapolis Community & Technical College,Minnesota,174136
Minnesota State College-Southeast Technical,Minnesota,175263
Minnesota State Community & Technical College,Minnesota,173559
Minnesota State Community & Technical College Detroit Lakes,Minnesota,17355901
Minnesota State Community & Technical College Fergus Falls,Minnesota,Community College
Minnesota State Community & Technical College Moorhead,Minnesota,17355902
Minnesota State Community & Technical College Wadena,Minnesota,17355903
Minnesota West Community & Technical College,Minnesota,173638
Normandale Community College,Minnesota,174428
North Hennepin Community College,Minnesota,174376
Northland Community & Technical College,Minnesota,174473
Pine Technical College,Minnesota,174570
Rainy River Community College,Minnesota,174604
Ridgewater College,Minnesota,175236
Riverland Community College,Minnesota,173063
Rochester Community & Technical College,Minnesota,174738
St. Cloud Technical College,Minnesota,174756
St. Paul College,Minnesota,175041
South Central Technical College,Minnesota,173911
Vermilion Community College,Minnesota,175157
Crowder College,Missouri,177135
East Central College,Missouri,177250
Jefferson College,Missouri,177676
Metropolitan Community College District,Missouri,Community College
Blue River Community College,Missouri,Community College
Metropolitan Community College - Business and Technology,Missouri,Community College
Longview Community College,Missouri,Community College
Maple Woods Community College,Missouri,Community College
Penn Valley Community College,Missouri,Community College
Mineral Area College,Missouri,178217
Missouri State University-West Plains,Missouri,179344
Moberly Area College,Missouri,178448
North Central Missouri College,Missouri,179715
Ozarks Technical Community College,Missouri,177472
Ranken Technical College,Missouri,178891
St. Charles Community College,Missouri,262031
St. Louis Community College District,Missouri,179539
State Fair Community College,Missouri,179539
Three Rivers Community College,Missouri,129808
Wentworth Military Academy & Junior College,Missouri,Community College
Coahoma Community College,Missisppi,175519
Copiah-Lincoln Community College,Missisppi,175573
East Central Community College,Missisppi,175643
East Mississippi Community College,Missisppi,175652
Hinds Community College,Missisppi,175786
Holmes Community College,Missisppi,175810
Itawamba Community College,Missisppi,175829
Jones County Junior College,Missisppi,175883
Meridian Community College,Missisppi,175935
Mississippi Delta Community College,Missisppi,176008
Mississippi Gulf Coast Community College,Missisppi,176071
Northeast Mississippi Community College,Missisppi,176169
Northwest Mississippi Community College,Missisppi,176178
Pearl River Community College,Missisppi,176239
Southwest Mississippi Community College,Missisppi,176354
Central Community College,Nebraska,180902
Little Priest Tribal College,Nebraska,434016
Metropolitan Community College,Nebraska,181303
Mid-Plains Community College,Nebraska,181312
Nebraska College of Technical Agriculture,Nebraska,181765
Nebraska Indian Community College,Nebraska,181419
Northeast Community College,Nebraska,181491
Southeast Community College,Nebraska,181303
Western Nebraska Community College,Nebraska,181817
North Carolina Community College,North Carolina,Community College
Alamance Community College,North Carolina,199786
Asheville-Buncombe Technical Community College,North Carolina,197887
Beaufort County Community College,North Carolina,197966
Bladen Community College,North Carolina,198011
Blue Ridge Community College,North Carolina,198039
Brunswick Community College,North Carolina,198084
Caldwell Community College & Technical Institute,North Carolina,198118
Cape Fear Community College,North Carolina,198154
Carteret Community College,North Carolina,198206
Catawba Valley Community College,North Carolina,198233
Central Carolina Community College,North Carolina,198251
Central Piedmont Community College,North Carolina,198260
Cleveland Community College,North Carolina,198321
Coastal Carolina Community College,North Carolina,198330
College of the Ablemarle,North Carolina,Community College
Craven Community College,North Carolina,198367
Davidson County Community College,North Carolina,198376
Durham Technical Community College,North Carolina,198455
Edgecombe Community College,North Carolina,198491
Fayetteville Technical Community College,North Carolina,198534
Forsyth Technical Community College,North Carolina,198552
Gaston College,North Carolina,198570
Guilford Technical Community College,North Carolina,198622
Halifax Community College,North Carolina,198640
Haywood Community College,North Carolina,198668
Isothermal Community College,North Carolina,198710
James Sprunt Community College,North Carolina,198729
Johnston Community College,North Carolina,198774
Lenoir Community College,North Carolina,198817
Martin Community College,North Carolina,198905
Mayland Community College,North Carolina,198914
McDowell Technical Community College,North Carolina,198923
Mitchell Community College,North Carolina,198987
Montgomery Community College,North Carolina,199023
Nash Community College,North Carolina,199087
Pamlico Community College,North Carolina,199263
Piedmont Community College,North Carolina,199324
Pitt Community College,North Carolina,199333
Randolph Community College,North Carolina,199421
Richmond Community College,North Carolina,199449
Roanoke-Chowan Community College,North Carolina,199467
Robeson Community College,North Carolina,199476
Rockingham Community College,North Carolina,199485
Rowan-Cabarrus Community College,North Carolina,199494
Sampson Community College,North Carolina,199625
Sandhills Community College,North Carolina,199634
South Piedmont Community College,North Carolina,197850
Southeastern Community College,North Carolina,154378
Southwestern Community College,North Carolina,154396
Stanly Community College,North Carolina,199740
Surry Community College,North Carolina,199768
Tri-County Community College,North Carolina,199795
Vance-Granville Community College,North Carolina,199838
Wake Technical Community College,North Carolina,199856
Wayne Community College,North Carolina,199892
Western Piedmont Community College,North Carolina,199908
Wilkes Community College,North Carolina,199926
Wilson Technical Community College,North Carolina,199953
Bismark State College,North Dakota,200022
Cankdeska Cikana Community College,North Dakota,200208
Fort Berthold Community College,North Dakota,Community College
Lake Region State College,North Dakota,200192
Minot State University-Bottineau ,North Dakota,200253
North Dakota State College of Science,North Dakota,200305
Sitting Bull College,North Dakota,200466
Turtle Mountain Community College,North Dakota,Community College
United Tribes Technical College,North Dakota,Community College
Williston State College,North Dakota,200341
Atlantic Cape Community College,New Jersey,183655
Bergen Community College,New Jersey,183743
Berkeley City College,New Jersey,125170
Brookdale Community College,New Jersey,183859
Burlington County College,New Jersey,183877
Camden County College,New Jersey,183938
County College of Morris,New Jersey,184180
Cumberland County College,New Jersey,184205
Essex County College,New Jersey,184481
Rowan College at Burlington County,New Jersey,183877
Gloucester County College,New Jersey,184791
Hudson County Community College,New Jersey,184995
Mercer County Community College,New Jersey,185509
Middlesex County College,New Jersey,185536
Ocean County College,New Jersey,185873
Passaic County Community College,New Jersey,186034
Raritan Valley Community College,New Jersey,186645
Salem Community College,New Jersey,186469
Sussex County Community College,New Jersey,247603
Union County College,New Jersey,187198
Warren County Community College,New Jersey,245625
Belmont Technical College,Ohio,201283
Central Ohio Technical College,Ohio,201672
Cincinnati State Technical & Community College,Ohio,201928
Clark State Community College,Ohio,201973
Columbus State Community College,Ohio,202222
Cuyahoga Community College,Ohio,202356
Edison State Community College,Ohio,202648
Hocking College,Ohio,203155
Jefferson Community College,Ohio,192022
Lakeland Community College,Ohio,203599
Lorain County Community College,Ohio,203748
Marion Technical College,Ohio,203881
North Central Technical College,Ohio,204422
Northwest State Community College,Ohio,204440
Ohio State University Agricultural Technical Institute,Ohio,Community College
Blue Mountain Community College,Oregon,208275
Central Oregon Community College,Oregon,208318
Chemeketa Community College,Oregon,208390
Clackamas Community College,Oregon,208406
Clatsop Community College,Oregon,208415
Columbia Gorge Community College,Oregon,420556
Klamath Community College,Oregon,428392
Lane Community College,Oregon,209038
Linn-Benton Community College,Oregon,209074
Mt. Hood Community College,Oregon,209250
Oregon Coast College,Oregon,423652
Portland Community College,Oregon,209746
Rogue Community College,Oregon,209940
Southwestern Oregon Community College,Oregon,210155
Tillamook Bay Community College,Oregon,420723
Treasure Valley Community College,Oregon,210234
Umpqua Community College,Oregon,210270
Carl Albert State College,Oklahoma,206923
Connors State College,Oklahoma,206996
Eastern Oklahoma State College,Oklahoma,207050
Murray State College,Oklahoma,207236
Northeastern Oklahoma A&M College,Oklahoma,207290
Northern Oklahoma College,Oklahoma,207281
Oklahoma City Community College,Oklahoma,207449
Redlands Community College,Oklahoma,207069
Rose State College,Oklahoma,207670
Seminole State College,Oklahoma,207740
Southwestern Oklahoma State University-Sayre,Oklahoma,Community College
Tulsa Community College,Oklahoma,207935
Western Oklahoma State College,Oklahoma,208035
Delaware Technical & Community College,Delaware,130907
Delaware Technical & Community College Dover,Delaware,130907
Delaware Technical & Community College Georgetown,Delaware,13090701
Delaware Technical & Community College Stanton / Wilmington,Delaware,13090702
South Carolina Technical College System,South Carolina,Community College
Aiken Technical College,South Carolina,217615
Central Carolina Technical College,South Carolina,218858
Denmark Technical College,South Carolina,217989
Florence-Darlington Technical College,South Carolina,218025
Greenville Technical College,South Carolina,218113
Horry-Georgetown Technical College,South Carolina,218140
Midlands Technical College,South Carolina,218353
Northeastern Technical College,South Carolina,217837
Orangeburg-Calhoun Technical College,South Carolina,218487
Piedmont Technical College,South Carolina,218520
Spartanburg Community College,South Carolina,218830
Technical College of the Lowcountry,South Carolina,217712
Tri-County Technical College,South Carolina,218885
Trident Technical College,South Carolina,218894
Williamsburg Technical College,South Carolina,218955
York Technical College,South Carolina,218991
Spartanburg Methodist College,South Carolina,218830
Connecticut Community and Technical College System,Connecticut,Community College
Asnuntuck Community College,Connecticut,128577
Capital Community College,Connecticut,129367
Gateway Community College,Connecticut,105145
Housatonic Community College,Connecticut,129543
Manchester Community College,Connecticut,129695
Middlesex Community College,Connecticut,129756
Naugatuck Valley Community College,Connecticut,129729
Northwestern Connecticut Community College,Connecticut,130040
Norwalk Community College,Connecticut,130004
Quinebaug Valley Community College,Connecticut,130217
Three Rivers Community College,Connecticut,129808
Tunxis Community College,Connecticut,130606
College of the Menominee Nation,Wisconsin,413617
Lac Courte Oreilles Ojibwa Community College,Wisconsin,Community College
Wisconsin Technical College ,Wisconsin,239910
Blackhawk Technical College,Wisconsin,238397
Chippewa Valley Technical College,Wisconsin,240116
Fox Valley Technical College,Wisconsin,238722
Gateway Technical College,Wisconsin,238759
Lakeshore Technical College,Wisconsin,239008
Madison Area Technical College,Wisconsin,238263
Mid-State Technical College,Wisconsin,239220
Milwaukee Area Technical College,Wisconsin,239248
Moraine Park Technical College,Wisconsin,239372
Nicolet Area Technical College,Wisconsin,239442
Northcentral Technical College,Wisconsin,239460
Northeast Wisconsin Technical College,Wisconsin,239488
Southwest Wisconsin Technical College,Wisconsin,239910
Waukesha County Technical College,Wisconsin,240125
Western Technical College,Wisconsin,240170
Wisconsin Indianhead Technical College,Wisconsin,240198
Wyoming Community College,Wyoming,Community College
Casper College,Wyoming,240505
Central Wyoming College,Wyoming,240514
Eastern Wyoming College,Wyoming,240596
Laramie County College,Wyoming,240620
Northwest College,Wyoming,240657
Sheridan College,Wyoming,137245
Western Wyoming College,Wyoming,240693
Brevard Community College,Florida,132693
Broward Community College,Florida,132709
Central Florida Community College,Florida,Community College
Daytona Beach Community College,Florida,Community College
Edison Community College,Florida,202648
Florida Community College at Jacksonville,Florida,Community College
Florida Keys Community College,Florida,133960
Gulf Coast Community College,Florida,Community College
Hillsborough Community College,Florida,134495
Indian River Community College,Florida,134608
Lake City Community College,Florida,135160
Lake-Sumter Community College,Florida,135188
Florida Gateway College,Florida,135160
Manatee Community College,Florida,135407
North Florida Community College,Florida,136145
Okaloosa-Walton Community College,Florida,433068
Palm Beach Community College,Florida,136358
Pasco-Hernando Community College,Florida,136400
Pensacola Junior College,Florida,136473
Polk Community College,Florida,136516
St. Johns River Community College,Florida,137281
Santa Fe Community College,Florida,188137
Seminole Community College,Florida,207740
South Florida Community College,Florida,137315
Tallahassee Community College,Florida,137759
Valencia Community College,Florida,138187
Alamo Community College,Texas,Community College
Northwest Vista College,Texas,420398
Palo Alto College,Texas,246354
St. Philip's College,Texas,227854
San Antonio College,Texas,227924
Alvin Community College,Texas,222567
Amarillo College,Texas,222576
Angelina College,Texas,222822
Austin Community College,Texas,222992
Blinn College,Texas,223427
Brazosport College,Texas,223506
Central Texas College,Texas,223816
Cisco Junior College,Texas,223898
Clarendon College,Texas,223922
Coastal Bend College,Texas,223320
College of the Mainland,Texas,226408
Collin County Community College,Texas,247834
Dallas County Community College District,Texas,224615
Dallas College,Texas,224615
Brookhaven College,Texas,223524
Cedar Valley College,Texas,223773
Eastfield College,Texas,224572
El Centro College,Texas,224615
Mountain View College,Texas,226930
North Lake College,Texas,227191
Richland College,Texas,227766
Del Mar College,Texas,224350
El Paso Community College,Texas,224642
Frank Phillips College,Texas,224891
Galveston College,Texas,224961
Grayson County College,Texas,225070
Hill College,Texas,225371
Houston Community College System,Texas,225423
Howard College,Texas,225520
Southwest Collegiate Institute for the Deaf,Texas,382911
Jacksonville College,Texas,225876
Kilgore College,Texas,226019
Laredo Community College,Texas,226134
Lee College,Texas,226204
Lon Morris College,Texas,Community College
McLennan Community College,Texas,226578
Midland College,Texas,226806
Navarro College,Texas,227146
North Central Texas College,Texas,224110
North Harris Montgomery County Community College District,Texas,227182
Cy-Fair College,Texas,227182
Kingwood College,Texas,227182
Montgomery College,Texas,163426
North Harris College,Texas,227182
Lone Star College,Texas,227182
Tomball College,Texas,227182
Northeast Texas Community College,Texas,227225
Odessa College,Texas,227304
Panola College,Texas,227386
Paris Junior College,Texas,227401
Ranger College,Texas,227687
San Jacinto College,Texas,227979
South Plains College,Texas,228158
South Texas College,Texas,409315
Southwest Texas Junior College,Texas,228316
Tarrant County College,Texas,228547
Temple College,Texas,228608
Texarkana College,Texas,228699
Texas Southmost College (partnered with University of Texas-Brownsville),Texas,487320
Texas State Technical College ,Texas,487320
Texas State Technical College Harlingen,Texas,487320
Texas State Technical College Marshall,Texas,487320
Texas State Technical College Waco,Texas,487320
Texas State Technical College West Texas ,Texas,487320
Lamar Institute of Technology,Texas,441760
Lamar State College-Orange,Texas,226107
Lamar State College-Port Arthur,Texas,226116
Trinity Valley Community College,Texas,225308
Tyler Junior College,Texas,229355
Vernon College,Texas,229504
Victoria College,Texas,229540
Weatherford College,Texas,229799
Western Texas College,Texas,229832
Wharton County Junior College,Texas,229841
Georgia Department of Technical & Adult Education,Georgia,Community College
Athens Technical College,Georgia,246813
Augusta Technical College,Georgia,138956
Central Georgia Technical College,Georgia,483045
Chattahoochee Technical College,Georgia,140331
Columbus Technical College,Georgia,139357
DeKalb Technical College,Georgia,Community College
Griffin Technical College,Georgia,139986
Gwinnett Technical College,Georgia,140012
Northwestern Technical College,Georgia,140678
Savannah Technical College,Georgia,140942
Southwest Georgia Technical College,Georgia,141006
West Central Technical College,Georgia,139278
Georgia Military College,Georgia,485111
Abraham Baldwin Agricultural College,Georgia,138558
Atlanta Metropolitan College,Georgia,138901
Coastal Georgia Community College,Georgia,139250
Dalton State College,Georgia,139463
Darton College,Georgia,Community College
East Georgia College,Georgia,139621
Gainesville College,Georgia,442435
Georgia Highlands College,Georgia,139700
Georgia Perimeter College,Georgia,244437
Gordon College,Georgia,139968
Waycross College,Georgia,485458
Young Harris College,Georgia,141361
Borough of Manhattan Community College,New York,190521
Bronx Community College,New York,190530
Hostos Community College,New York,190585
Kingsborough Community College,New York,190619
LaGuardia Community College,New York,190628
Queensborough Community College,New York,190673
Helene Fuld School of Nursing,New York,191597
Maria College of Albany,New York,192785
Adirondack Community College,New York,188438
Broome Community College,New York,189547
Cayuga County Community College,New York,189839
Clinton Community College,New York,190053
Columbia-Greene Community College,New York,190169
Corning Community College,New York,190442
Dutchess Community College,New York,190840
Erie Community College,New York,191083
Finger Lakes Community College,New York,191199
Fulton-Montgomery Community College,New York,191302
Genesee Community College,New York,191339
Herkimer County Community College,New York,191612
Hudson Valley Community College,New York,191719
Jamestown Community College,New York,191986
Jefferson Community College,New York,192022
Mohawk Valley Community College,New York,193283
Monroe Community College,New York,193326
Nassau Community College,New York,193478
Niagara County Community College,New York,193946
North Country Community College,New York,194028
Onondaga Community College,New York,194222
Orange County Community College,New York,194240
Rockland Community College,New York,195058
Schenectady County Community College,New York,195322
Suffolk County Community College,New York,366395
Sullivan County Community College,New York,195988
Tompkins Cortland Community College,New York,196565
Ulster County Community College,New York,196699
Westchester Community College,New York,197294
Trocaire College,New York,Community College
Villa Maria College of Buffalo,New York,Community College
Transpacific Hawaii College,Hawaii,Community College
Hawaii Community College,Hawaii,383190
Honolulu Community College,Hawaii,141680
Kapiolani Community College,Hawaii,141796
Kauai Community College,Hawaii,141802
Leeward Community College,Hawaii,141811
Windward Community College,Hawaii,141990
College of Southern Idaho,Idaho,142559
Eastern Idaho Technical College,Idaho,142179
College of Eastern Idaho,Idaho,142179
North Idaho College,Idaho,142443
Bates Technical College,Washington,235671
Bellevue Community College,Washington,234669
Bellevue College,Washington,234669
Bellingham Technical College,Washington,234696
Big Bend Community College,Washington,234711
Cascadia Community College,Washington,439190
Cascadia College,Washington,439190
Centralia College,Washington,234845
Clark College,Washington,234933
Clover Park Technical College,Washington,234951
Columbia Basin College,Washington,234979
Community Colleges of Spokane,Washington,236692
Institute for Extended Learning,Washington,236692
Spokane Community College,Washington,236692
Spokane Falls Community College,Washington,236708
Edmonds Community College,Washington,235103
Everett Community College,Washington,235149
Grays Harbor College,Washington,235334
Green River Community College,Washington,235343
Highline Community College,Washington,235431
Lake Washington Technical College,Washington,235699
Lower Columbia College,Washington,235750
Northwest Indian College,Washington,380377
Olympic College,Washington,236188
Peninsula College,Washington,236258
Pierce College Washington,Washington,235237
Renton Technical College,Washington,236382
Seattle Community College District,Washington,236513
North Seattle Community College,Washington,236072
Seattle Central Community College,Washington,236513
South Seattle Community College,Washington,236504
Seattle Vocational Institute,Washington,Community College
Shoreline Community College,Washington,236610
Skagit Valley College,Washington,236638
South Puget Sound Community College,Washington,236656
Tacoma Community College,Washington,236753
Walla Walla Community College,Washington,236887
Wenatchee Valley College,Washington,236975
Whatcom Community College,Washington,237039
Yakima Valley Community College,Washington,237109
City Colleges of Chicago,Illinois,144193
Richard J. Daley College,Illinois,144193
Harold Washington College,Illinois,144209
Kennedy-King College,Illinois,144157
Malcolm X College,Illinois,144166
Olive-Harvey College,Illinois,144175
Harry S. Truman College,Illinois,144184
Wilbur Wright College,Illinois,144218
Illinois Community College Board,Illinois,143279
Black Hawk College,Illinois,143279
Carl Sandburg College,Illinois,143613
College of DuPage,Illinois,144865
College of Lake County,Illinois,146472
Danville Area Community College,Illinois,144564
Elgin Community College,Illinois,144944
Heartland Community College,Illinois,384342
Highland Community College,Illinois,145521
Illinois Central College,Illinois,145682
Illinois Valley Community College,Illinois,145831
John A. Logan College,Illinois,146205
John Wood Community College,Illinois,146278
Joliet Junior College,Illinois,146296
Kankakee Community College,Illinois,146348
Kaskaskia College,Illinois,146366
Kishwaukee College,Illinois,146418
Lake Land College,Illinois,146506
Lewis & Clark Community College,Illinois,146603
Lincoln Land Community College,Illinois,146685
McHenry County College,Illinois,147004
Moraine Valley Community College,Illinois,147378
Morton College,Illinois,147411
Oakton Community College,Illinois,147800
Parkland College,Illinois,147916
Prairie State College,Illinois,148007
Rend Lake College,Illinois,148256
Richland Community College,Illinois,148292
Rock Valley College,Illinois,148380
Sauk Valley Community College,Illinois,148672
Shawnee Community College,Illinois,148821
South Suburban College,Illinois,149365
Southeastern Illinois College,Illinois,148937
Southwestern Illinois College,Illinois,143215
Spoon River College,Illinois,148991
Triton College,Illinois,149532
Waubonsee Community College,Illinois,149727
William Rainey Harper College,Illinois,149842
Illinois Eastern Community College System,Illinois,Community College
Frontier Community College,Illinois,403469
Lincoln Trail College,Illinois,403478
Olney Central College,Illinois,145707
Wabash Valley College,Illinois,403487
Lincoln College,Illinois,146685
Oklahoma State University System - Oklahoma City ,Oklahoma,207397
Oklahoma State University System - Okmulgee,Oklahoma,Community College
Southwestern Oklahoma State University - Sayre,Oklahoma,Community College
Allegany College of Maryland,Maryland,161688
Anne Arundel Community College,Maryland,161767
Baltimore City Community College,Maryland,161864
Carroll Community College,Maryland,405872
Cecil Community College,Maryland,162104
Chesapeake College,Maryland,162168
College of Southern Maryland,Maryland,162122
Community College of Baltimore County,Maryland,434672
Frederick Community College,Maryland,162557
Garrett College,Maryland,162609
Hagerstown Community College,Maryland,162690
Harford Community College,Maryland,162706
Howard Community College,Maryland,162779
Montgomery College,Maryland,163426
Prince George's Community College,Maryland,163657
Wor-Wic Community College,Maryland,164313
Bay State College,Massachusetts,166647
Berkshire Community College,Massachusetts,164775
Bristol Community College,Massachusetts,165033
Bunker Hill Community College,Massachusetts,165112
Cape Cod Community College,Massachusetts,165194
Greenfield Community College,Massachusetts,165981
Holyoke Community College,Massachusetts,166133
Massachusetts Bay Community College,Massachusetts,166647
Massasoit Community College,Massachusetts,166823
Middlesex Community College,Massachusetts,129756
Mt. Wachusett Community College,Massachusetts,166957
North Shore Community College,Massachusetts,167312
Northern Essex Community College,Massachusetts,167376
Quincy College,Massachusetts,167525
Quinsigamond Community College,Massachusetts,167534
Roxbury Community College,Massachusetts,167631
Springfield Technical Community College,Massachusetts,167905
Alpena Community College,Michigan,168607
Bay de Noc Community College,Michigan,168883
Bay Mills Community College,Michigan,380359
Delta College,Michigan,169521
Glen Oaks Community College,Michigan,169974
Gogebic Community College,Michigan,169992
Grand Rapids Community College,Michigan,170055
Henry Ford Community College,Michigan,170240
Jackson Community College,Michigan,170444
Kalamazoo Valley Community College,Michigan,170541
Kellogg Community College,Michigan,170550
Kirtland Community College,Michigan,170587
Lake Michigan College,Michigan,170620
Lansing Community College,Michigan,170657
Macomb Community College,Michigan,170790
Mid-Michigan Community College,Michigan,171155
Monroe County Community College,Michigan,171225
Montcalm Community College,Michigan,171234
Mott Community College,Michigan,169275
Muskegon Community College,Michigan,171304
North Central Michigan College,Michigan,171395
Northwestern Michigan College,Michigan,171483
Oakland Community College,Michigan,171535
St. Clair County Community College,Michigan,172291
Schoolcraft College,Michigan,172200
Southwestern Michigan College,Michigan,172307
Washtenaw Community College,Michigan,172617
Wayne County Community College,Michigan,172635
West Shore Community College,Michigan,172671
Blackfeet Community College,Montana,180054
Chief Dull Knife College,Montana,180160
Dawson Community College,Montana,180151
Flathead Valley Community College,Montana,180197
Fort Belknap College,Montana,180054
Fort Peck Community College,Montana,180212
Little Big Horn College,Montana,180328
Miles Community College,Montana,180373
Billings College of Technology,Montana,18017901
College of Technology at Great Falls,Montana,180249
Stone Child Community College,Montana,366340
Helena College of Technology,Montana,180276
Missoula College of Technology,Montana,18048901
College of Southern Nevada,Nevada,182005
Truckee Meadows Community College,Nevada,182500
Western Nevada Community College,Nevada,Community College
Richard Bland College,Virginia,233338
Virginia Community College System,Virginia,Community College
Blue Ridge Community College,Virginia,198039
Central Virginia Community College,Virginia,231697
Dabney S. Lancaster Community College,Virginia,231873
Danville Community College,Virginia,231882
Eastern Shore Community College,Virginia,232052
Germanna Community College,Virginia,232195
J. Sargeant Reynolds Community College,Virginia,232414
John Tyler Community College,Virginia,232450
Lord Fairfax Community College,Virginia,232575
Mountain Empire Community College,Virginia,232788
New River Community College,Virginia,232867
Northern Virginia Community College,Virginia,232946
Patrick Henry Community College,Virginia,233019
Paul D. Camp Community College,Virginia,233037
Piedmont Virginia Community College,Virginia,233116
Rappahannock Community College,Virginia,233310
Southside Virginia Community College,Virginia,233639
Southwest Virginia Community College,Virginia,233648
Thomas Nelson Community College,Virginia,233754
Tidewater Community College,Virginia,233772
Virginia Highlands Community College,Virginia,233903
Virginia Western Community College,Virginia,233949
Wytheville Community College,Virginia,234377
Community College of Vermont,Vermont,230861
Landmark College,Vermont,247649
Sterling College,Vermont,231095
Woodbury College of Vermont ,Vermont,230861
Community & Technical College System of West Virginia,West Virginia,Community College
Community & Technical College of Shepherd,West Virginia,Community College
Eastern West Virginia Community & Technical College,West Virginia,438708
Fairmont State Community & Technical College,West Virginia,443492
Marshall Community & Technical College,West Virginia,Community College
New River Community & Technical College,West Virginia,Community College
Southern West Virginia Community & Technical College,West Virginia,237817
West Virginia Northern Community College,West Virginia,238014
West Virginia State Community & Technical College,West Virginia,Community College
Community & Technical College at West Virginia University Institute of Technology,West Virginia,Community College
Potomac State College of West Virginia University,West Virginia,237701
Hesser College,New Hampshire,Community College
McIntosh College,New Hampshire,Community College
New Hampshire Community Technical College System,New Hampshire,Community College
New Hampshire Community Technical College Berlin,New Hampshire,Community College
New Hampshire Community Technical College Claremont,New Hampshire,183114
River Valley Community College ,New Hampshire,183114
New Hampshire Technical Institute Concord,New Hampshire,183099
New Hampshire Technical Institute Laconia,New Hampshire,183123
Manchester Community College,New Hampshire,183132
Nashua Community College,New Hampshire,183141
New Hampshire Technical Institute Stratham,New Hampshire,Community College
Central New Mexico Community College,New Mexico,187532
Clovis Community College,New Mexico,187639
Din College,New Mexico,105297
Luna Community College,New Mexico,363633
Mesalands Community College,New Mexico,188261
New Mexico Junior College,New Mexico,187903
New Mexico Military Institute,New Mexico,187912
New Mexico State University Alamogordo,New Mexico,187994
New Mexico State University Carlsbad,New Mexico,188003
New Mexico State University Doa Ana Community College,New Mexico,188030
New Mexico State University Grants,New Mexico,188021
Northern New Mexico College,New Mexico,188058
San Juan College,New Mexico,188100
Santa Fe Community College,New Mexico,188137
Southwestern Indian Polytechnic Institute,New Mexico,188216
University of New Mexico - Gallup,New Mexico,187958
University of New Mexico - Los Alamos,New Mexico,187976
University of New Mexico - Valencia,New Mexico,188049
Bucks County Community College,Pennsylvania,211307
Butler County Community College,Pennsylvania,211343
Central Pennsylvania College,Pennsylvania,369668
Community College of Allegheny County,Pennsylvania,210605
Community College of Beaver County,Pennsylvania,211079
Community College of Philadelphia,Pennsylvania,215239
Delaware County Community College,Pennsylvania,211927
Harcum College,Pennsylvania,212869
Harrisburg Area Community College,Pennsylvania,212878
Lackawanna College,Pennsylvania,213376
Lehigh Carbon Community College,Pennsylvania,213525
Luzerne County Community College,Pennsylvania,213659
Manor Junior College,Pennsylvania,Community College
Montgomery County Community College,Pennsylvania,214111
Northampton Community College,Pennsylvania,21437901
Peirce College,Pennsylvania,214883
Pennsylvania College of Technology,Pennsylvania,366252
Pennsylvania Highlands Community College,Pennsylvania,414911
Pennsylvania Institute of Technology,Pennsylvania,214582
Pittsburgh Technical Institute,Pennsylvania,444811
Reading Area Community College,Pennsylvania,215585
Thaddeus Stevens State School of Technology,Pennsylvania,216296
University of Pittsburgh-Titusville,Pennsylvania,215309
Valley Forge Military College,Pennsylvania,216551
Westmoreland County Community College,Pennsylvania,216825
Community College of Rhode Island,Rhode Island,217475
Lake Area Technical Institute,South Dakota,219143
Mitchell Technical Institute,South Dakota,219189
Sisseton Wahpeton Community College,South Dakota,219408
Sisseton Wahpeton College,South Dakota,219408
Southeast Technical Institute,South Dakota,219426
Western Dakota Technical Institute,South Dakota,219480
Chattanooga State Technical Community College,Tennessee,219824
Chattanooga State Community College,Tennessee,219824
Cleveland State Community College,Tennessee,219879
Columbia State Community College,Tennessee,219888
Dyersburg State Community College,Tennessee,220057
Jackson State Community College,Tennessee,220400
Motlow State Community College,Tennessee,221096
Nashville State Community College,Tennessee,221184
Northeast State Technical Community College,Tennessee,221908
Northeast State Community College,Tennessee,221908
Pellissippi State Technical Community College,Tennessee,221643
Pellissippi State Community College,Tennessee,221643
Roane State Community College,Tennessee,221397
Southwest Tennessee Community College,Tennessee,221485
Volunteer State Community College,Tennessee,222053
Walters State Community College,Tennessee,222062
College of Eastern Utah,Utah,230728
Salt Lake City Community College,Utah,230746
Snow College,Utah,230597
American Samoa Community College,American Samoa,240736
Instituto Comercial de Puerto Rico Junior College,Puerto Rico,243841
Northern Marianas College,Northern Marianas,240790
Guam Community College,Guam,240745
UAF Community and Technical College,Alaska,Community College
Iḷisaġvik College,Alaska,Community College